-- phpMyAdmin SQL Dump
-- version 5.2.0
-- https://www.phpmyadmin.net/
--
-- Host: 127.0.0.1
-- Generation Time: Oct 10, 2022 at 08:15 AM
-- Server version: 10.4.24-MariaDB
-- PHP Version: 7.4.29

SET SQL_MODE = "NO_AUTO_VALUE_ON_ZERO";
START TRANSACTION;
SET time_zone = "+00:00";


/*!40101 SET @OLD_CHARACTER_SET_CLIENT=@@CHARACTER_SET_CLIENT */;
/*!40101 SET @OLD_CHARACTER_SET_RESULTS=@@CHARACTER_SET_RESULTS */;
/*!40101 SET @OLD_COLLATION_CONNECTION=@@COLLATION_CONNECTION */;
/*!40101 SET NAMES utf8mb4 */;

--
-- Database: `shopup`
--

-- --------------------------------------------------------

--
-- Table structure for table `admin_table`
--

CREATE TABLE `admin_table` (
  `admin_id` int(11) NOT NULL,
  `admin_name` varchar(100) NOT NULL,
  `admin_email` varchar(200) NOT NULL,
  `admin_password` varchar(255) NOT NULL
) ENGINE=InnoDB DEFAULT CHARSET=utf8mb4;

-- --------------------------------------------------------

--
-- Table structure for table `brands`
--

CREATE TABLE `brands` (
  `brand_id` int(11) NOT NULL,
  `brand_title` varchar(100) NOT NULL
) ENGINE=InnoDB DEFAULT CHARSET=utf8mb4;

--
-- Dumping data for table `brands`
--

INSERT INTO `brands` (`brand_id`, `brand_title`) VALUES
(1, 'myntra'),
(2, 'petscare'),
(3, 'digishop'),
(4, 'ajio'),
(5, 'mesho'),
(6, 'ExploroPedia'),
(7, 'boat');

-- --------------------------------------------------------

--
-- Table structure for table `cart_details`
--

CREATE TABLE `cart_details` (
  `product_id` int(11) NOT NULL,
  `ip_address` varchar(255) NOT NULL,
  `quantity` int(100) NOT NULL
) ENGINE=InnoDB DEFAULT CHARSET=utf8mb4;

-- --------------------------------------------------------

--
-- Table structure for table `categories`
--

CREATE TABLE `categories` (
  `category_id` int(11) NOT NULL,
  `category_title` varchar(200) NOT NULL
) ENGINE=InnoDB DEFAULT CHARSET=utf8mb4;

--
-- Dumping data for table `categories`
--

INSERT INTO `categories` (`category_id`, `category_title`) VALUES
(1, 'electronics'),
(2, 'travel'),
(3, 'clothing'),
(4, 'kids wear'),
(5, 'pets');

-- --------------------------------------------------------

--
-- Table structure for table `orders_pending`
--

CREATE TABLE `orders_pending` (
  `order_id` int(11) NOT NULL,
  `user_id` int(11) NOT NULL,
  `invoice_number` int(255) NOT NULL,
  `product_id` int(11) NOT NULL,
  `quantity` int(255) NOT NULL,
  `order_status` varchar(255) NOT NULL
) ENGINE=InnoDB DEFAULT CHARSET=utf8mb4;

-- --------------------------------------------------------

--
-- Table structure for table `products`
--

CREATE TABLE `products` (
  `product_id` int(11) NOT NULL,
  `product_title` varchar(100) NOT NULL,
  `product_description` varchar(255) NOT NULL,
  `product_keywords` varchar(255) NOT NULL,
  `category_id` int(11) NOT NULL,
  `brand_id` int(11) NOT NULL,
  `product_image1` varchar(255) NOT NULL,
  `product_image2` varchar(255) NOT NULL,
  `product_image3` varchar(255) NOT NULL,
  `product_price` varchar(100) NOT NULL,
  `date` timestamp NOT NULL DEFAULT current_timestamp() ON UPDATE current_timestamp(),
  `status` varchar(100) NOT NULL
) ENGINE=InnoDB DEFAULT CHARSET=utf8mb4;

--
-- Dumping data for table `products`
--

INSERT INTO `products` (`product_id`, `product_title`, `product_description`, `product_keywords`, `category_id`, `brand_id`, `product_image1`, `product_image2`, `product_image3`, `product_price`, `date`, `status`) VALUES
(14, 'boAt Rockerz 510 Bluetooth headphone', 'Will make your listening experience real', 'Headphones, wireless, bluetooth, boat', 1, 7, '7.jpg', '7.jpg', '7.jpg', '1000', '2022-10-09 12:48:25', 'true'),
(15, 'Yellow Puffer Jacket', 'Yellow solid puffer jacket, has a hooded, 2 pockets ', 'jacket, yellow, hoody, hooded,long sleeves', 3, 1, '11.jpg', '11.jpg', '11.jpg', '2249', '2022-10-09 12:53:47', 'true'),
(16, 'Vintage Travel Bag ', 'Great for travel, hiking, casual, shopping, date, school.', 'Denim,Backpack, Jeans, Daypack, travel bag, college bag', 2, 5, '8.jpg', '8.jpg', '8.jpg', '700', '2022-10-09 12:58:14', 'true'),
(17, 'Flat Front Denim 3/4th Shorts', 'Comfort and Fashionable Shorts From Up Denim.', 'Denim shorts, men shorts, cool', 3, 4, '9.jpg', '9.jpg', '9.jpg', '600', '2022-10-09 13:03:00', 'true'),
(18, 'Blue Round Neck T-Shirt', 'Standard Fit, Round Neck, Short Sleeves', 'Soft fabric for enhanced comfort, shirt, tshirt, Eco-Friendly and lightweight', 3, 1, '12.jpg', '12.jpg', '12.jpg', '300', '2022-10-09 13:06:42', 'true'),
(19, 'Samsung Galaxy M32', '6000mAh Long-lasting Battery with 15W In-box Fast Charge', 'phones, phone, samsung, galaxy', 1, 3, '3.jpg', '3.jpg', '3.jpg', '22000', '2022-10-09 13:10:28', 'true'),
(20, 'Canon Eos DSLR Camera', 'Single Lens Kit, Optical Image Stabilization', 'Camera, canon, dslr, lens', 1, 3, '2.jpg', '2.jpg', '2.jpg', '30000', '2022-10-09 13:14:27', 'true'),
(21, 'Apple iPhone 12 ', '(128GB, Black)4gb ram, 128gb rom', 'iphone, phone, mobile, balck', 1, 3, '4.jpg', '4.jpg', '4.jpg', '50000', '2022-10-09 13:17:17', 'true'),
(22, 'GoPro Hero 8 Black Action Camera', 'Smooth just got smoother.', 'go pro, camera, electronics', 1, 3, '1.jpg', '1.jpg', '1.jpg', '25000', '2022-10-09 13:19:35', 'true');

-- --------------------------------------------------------

--
-- Table structure for table `user_orders`
--

CREATE TABLE `user_orders` (
  `order_id` int(11) NOT NULL,
  `user_id` int(11) NOT NULL,
  `amount_due` int(255) NOT NULL,
  `invoice_number` int(255) NOT NULL,
  `total_products` int(255) NOT NULL,
  `order_date` timestamp NOT NULL DEFAULT current_timestamp() ON UPDATE current_timestamp(),
  `order_status` varchar(255) NOT NULL
) ENGINE=InnoDB DEFAULT CHARSET=utf8mb4;

-- --------------------------------------------------------

--
-- Table structure for table `user_payments`
--

CREATE TABLE `user_payments` (
  `payment_id` int(11) NOT NULL,
  `order_id` int(11) NOT NULL,
  `invoice_number` int(11) NOT NULL,
  `amount` int(11) NOT NULL,
  `payment_mode` varchar(255) NOT NULL,
  `date` timestamp NOT NULL DEFAULT current_timestamp() ON UPDATE current_timestamp()
) ENGINE=InnoDB DEFAULT CHARSET=utf8mb4;

-- --------------------------------------------------------

--
-- Table structure for table `user_table`
--

CREATE TABLE `user_table` (
  `user_id` int(11) NOT NULL,
  `username` varchar(100) NOT NULL,
  `user_email` varchar(100) NOT NULL,
  `user_password` varchar(255) NOT NULL,
  `user_image` varchar(255) NOT NULL,
  `user_ip` varchar(100) NOT NULL,
  `user_address` varchar(255) NOT NULL,
  `user_mobile` varchar(20) NOT NULL
) ENGINE=InnoDB DEFAULT CHARSET=utf8mb4;

--
-- Indexes for dumped tables
--

--
-- Indexes for table `admin_table`
--
ALTER TABLE `admin_table`
  ADD PRIMARY KEY (`admin_id`);

--
-- Indexes for table `brands`
--
ALTER TABLE `brands`
  ADD PRIMARY KEY (`brand_id`);

--
-- Indexes for table `cart_details`
--
ALTER TABLE `cart_details`
  ADD PRIMARY KEY (`product_id`);

--
-- Indexes for table `categories`
--
ALTER TABLE `categories`
  ADD PRIMARY KEY (`category_id`);

--
-- Indexes for table `orders_pending`
--
ALTER TABLE `orders_pending`
  ADD PRIMARY KEY (`order_id`);

--
-- Indexes for table `products`
--
ALTER TABLE `products`
  ADD PRIMARY KEY (`product_id`);

--
-- Indexes for table `user_orders`
--
ALTER TABLE `user_orders`
  ADD PRIMARY KEY (`order_id`);

--
-- Indexes for table `user_payments`
--
ALTER TABLE `user_payments`
  ADD PRIMARY KEY (`payment_id`);

--
-- Indexes for table `user_table`
--
ALTER TABLE `user_table`
  ADD PRIMARY KEY (`user_id`);

--
-- AUTO_INCREMENT for dumped tables
--

--
-- AUTO_INCREMENT for table `admin_table`
--
ALTER TABLE `admin_table`
  MODIFY `admin_id` int(11) NOT NULL AUTO_INCREMENT;

--
-- AUTO_INCREMENT for table `brands`
--
ALTER TABLE `brands`
  MODIFY `brand_id` int(11) NOT NULL AUTO_INCREMENT, AUTO_INCREMENT=8;

--
-- AUTO_INCREMENT for table `categories`
--
ALTER TABLE `categories`
  MODIFY `category_id` int(11) NOT NULL AUTO_INCREMENT, AUTO_INCREMENT=6;

--
-- AUTO_INCREMENT for table `orders_pending`
--
ALTER TABLE `orders_pending`
  MODIFY `order_id` int(11) NOT NULL AUTO_INCREMENT;

--
-- AUTO_INCREMENT for table `products`
--
ALTER TABLE `products`
  MODIFY `product_id` int(11) NOT NULL AUTO_INCREMENT, AUTO_INCREMENT=23;

--
-- AUTO_INCREMENT for table `user_orders`
--
ALTER TABLE `user_orders`
  MODIFY `order_id` int(11) NOT NULL AUTO_INCREMENT;

--
-- AUTO_INCREMENT for table `user_payments`
--
ALTER TABLE `user_payments`
  MODIFY `payment_id` int(11) NOT NULL AUTO_INCREMENT;

--
-- AUTO_INCREMENT for table `user_table`
--
ALTER TABLE `user_table`
  MODIFY `user_id` int(11) NOT NULL AUTO_INCREMENT;
COMMIT;

/*!40101 SET CHARACTER_SET_CLIENT=@OLD_CHARACTER_SET_CLIENT */;
/*!40101 SET CHARACTER_SET_RESULTS=@OLD_CHARACTER_SET_RESULTS */;
/*!40101 SET COLLATION_CONNECTION=@OLD_COLLATION_CONNECTION */;
